{"todayCost":8.2299312,"todayCalls":86,"monthCost":8.2299312,"monthCalls":86,"cachedAt":"2026-06-01T07:32:25.398Z"}