{"todayCost":90.68920065000016,"todayCalls":1999,"monthCost":311.89402040000203,"monthCalls":7599,"cachedAt":"2026-05-04T12:25:30.115Z"}