{"todayCost":50.15887924999996,"todayCalls":1124,"monthCost":3762.267199049988,"monthCalls":77678,"cachedAt":"2026-04-26T20:42:30.106Z"}